The Greatest Showman,St Kilda,1,1,20
The Greatest Showman,St Kilda,1,2,20
The Greatest Showman,St Kilda,1,3,20
The Greatest Showman,St Kilda,1,4,20
The Greatest Showman,St Kilda,1,5,20
The Greatest Showman,St Kilda,2,6,20
The Greatest Showman,St Kilda,2,7,20
The Greatest Showman,Fitzroy,2,1,20
The Greatest Showman,Fitzroy,2,2,20
The Greatest Showman,Fitzroy,2,3,20
The Greatest Showman,Fitzroy,2,4,20
The Greatest Showman,Fitzroy,2,5,20
The Greatest Showman,Fitzroy,3,6,20
The Greatest Showman,Fitzroy,3,7,20
The Greatest Showman,Melbourne CBD,3,1,20
The Greatest Showman,Melbourne CBD,3,2,20
The Greatest Showman,Melbourne CBD,3,3,20
The Greatest Showman,Melbourne CBD,3,4,20
The Greatest Showman,Melbourne CBD,3,5,20
The Greatest Showman,Melbourne CBD,4,6,20
The Greatest Showman,Melbourne CBD,4,7,20
The Greatest Showman,Sunshine,4,1,20
The Greatest Showman,Sunshine,4,2,20
The Greatest Showman,Sunshine,4,3,20
The Greatest Showman,Sunshine,4,4,20
The Greatest Showman,Sunshine,4,5,20
The Greatest Showman,Sunshine,5,6,20
The Greatest Showman,Sunshine,5,7,20
The Greatest Showman,Lillydale,5,1,20
The Greatest Showman,Lillydale,5,2,20
The Greatest Showman,Lillydale,5,3,20
The Greatest Showman,Lillydale,5,4,20
The Greatest Showman,Lillydale,5,5,20
The Greatest Showman,Lillydale,1,6,20
The Greatest Showman,Lillydale,1,7,20
Black Panther,St Kilda,2,1,20
Black Panther,St Kilda,2,2,20
Black Panther,St Kilda,2,3,20
Black Panther,St Kilda,2,4,20
Black Panther,St Kilda,2,5,20
Black Panther,St Kilda,3,6,20
Black Panther,St Kilda,3,7,20
Black Panther,Fitzroy,3,1,20
Black Panther,Fitzroy,3,2,20
Black Panther,Fitzroy,3,3,20
Black Panther,Fitzroy,3,4,20
Black Panther,Fitzroy,3,5,20
Black Panther,Fitzroy,4,6,20
Black Panther,Fitzroy,4,7,20
Black Panther,Melbourne CBD,4,1,20
Black Panther,Melbourne CBD,4,2,20
Black Panther,Melbourne CBD,4,3,20
Black Panther,Melbourne CBD,4,4,20
Black Panther,Melbourne CBD,4,5,20
Black Panther,Melbourne CBD,5,6,20
Black Panther,Melbourne CBD,5,7,20
Black Panther,Sunshine,5,1,20
Black Panther,Sunshine,5,2,20
Black Panther,Sunshine,5,3,20
Black Panther,Sunshine,5,4,20
Black Panther,Sunshine,5,5,20
Black Panther,Sunshine,1,6,20
Black Panther,Sunshine,1,7,20
Black Panther,Lillydale,1,1,20
Black Panther,Lillydale,1,2,20
Black Panther,Lillydale,1,3,20
Black Panther,Lillydale,1,4,20
Black Panther,Lillydale,1,5,20
Black Panther,Lillydale,2,6,20
Black Panther,Lillydale,2,7,20
Red Sparrow,St Kilda,3,1,20
Red Sparrow,St Kilda,3,2,20
Red Sparrow,St Kilda,3,3,20
Red Sparrow,St Kilda,3,4,20
Red Sparrow,St Kilda,3,5,20
Red Sparrow,St Kilda,4,6,20
Red Sparrow,St Kilda,4,7,20
Red Sparrow,Fitzroy,4,1,20
Red Sparrow,Fitzroy,4,2,20
Red Sparrow,Fitzroy,4,3,20
Red Sparrow,Fitzroy,4,4,20
Red Sparrow,Fitzroy,4,5,20
Red Sparrow,Fitzroy,5,6,20
Red Sparrow,Fitzroy,5,7,20
Red Sparrow,Melbourne CBD,5,1,20
Red Sparrow,Melbourne CBD,5,2,20
Red Sparrow,Melbourne CBD,5,3,20
Red Sparrow,Melbourne CBD,5,4,20
Red Sparrow,Melbourne CBD,5,5,20
Red Sparrow,Melbourne CBD,1,6,20
Red Sparrow,Melbourne CBD,1,7,20
Red Sparrow,Sunshine,1,1,20
Red Sparrow,Sunshine,1,2,20
Red Sparrow,Sunshine,1,3,20
Red Sparrow,Sunshine,1,4,20
Red Sparrow,Sunshine,1,5,20
Red Sparrow,Sunshine,2,6,20
Red Sparrow,Sunshine,2,7,20
Red Sparrow,Lillydale,2,1,20
Red Sparrow,Lillydale,2,2,20
Red Sparrow,Lillydale,2,3,20
Red Sparrow,Lillydale,2,4,20
Red Sparrow,Lillydale,2,5,20
Red Sparrow,Lillydale,3,6,20
Red Sparrow,Lillydale,3,7,20
Pacific Rim Uprising,St Kilda,4,1,20
Pacific Rim Uprising,St Kilda,4,2,20
Pacific Rim Uprising,St Kilda,4,3,20
Pacific Rim Uprising,St Kilda,4,4,20
Pacific Rim Uprising,St Kilda,4,5,20
Pacific Rim Uprising,St Kilda,5,6,20
Pacific Rim Uprising,St Kilda,5,7,20
Pacific Rim Uprising,Fitzroy,5,1,20
Pacific Rim Uprising,Fitzroy,5,2,20
Pacific Rim Uprising,Fitzroy,5,3,20
Pacific Rim Uprising,Fitzroy,5,4,20
Pacific Rim Uprising,Fitzroy,5,5,20
Pacific Rim Uprising,Fitzroy,1,6,20
Pacific Rim Uprising,Fitzroy,1,7,20
Pacific Rim Uprising,Melbourne CBD,1,1,20
Pacific Rim Uprising,Melbourne CBD,1,2,20
Pacific Rim Uprising,Melbourne CBD,1,3,20
Pacific Rim Uprising,Melbourne CBD,1,4,20
Pacific Rim Uprising,Melbourne CBD,1,5,20
Pacific Rim Uprising,Melbourne CBD,2,6,20
Pacific Rim Uprising,Melbourne CBD,2,7,20
Pacific Rim Uprising,Sunshine,2,1,20
Pacific Rim Uprising,Sunshine,2,2,20
Pacific Rim Uprising,Sunshine,2,3,20
Pacific Rim Uprising,Sunshine,2,4,20
Pacific Rim Uprising,Sunshine,2,5,20
Pacific Rim Uprising,Sunshine,3,6,20
Pacific Rim Uprising,Sunshine,3,7,20
Pacific Rim Uprising,Lillydale,3,1,20
Pacific Rim Uprising,Lillydale,3,2,20
Pacific Rim Uprising,Lillydale,3,3,20
Pacific Rim Uprising,Lillydale,3,4,20
Pacific Rim Uprising,Lillydale,3,5,20
Pacific Rim Uprising,Lillydale,4,6,20
Pacific Rim Uprising,Lillydale,4,7,20
Operation Red Sea,St Kilda,5,1,20
Operation Red Sea,St Kilda,5,2,20
Operation Red Sea,St Kilda,5,3,20
Operation Red Sea,St Kilda,5,4,20
Operation Red Sea,St Kilda,5,5,20
Operation Red Sea,St Kilda,1,6,20
Operation Red Sea,St Kilda,1,7,20
Operation Red Sea,Fitzroy,1,1,20
Operation Red Sea,Fitzroy,1,2,20
Operation Red Sea,Fitzroy,1,3,20
Operation Red Sea,Fitzroy,1,4,20
Operation Red Sea,Fitzroy,1,5,20
Operation Red Sea,Fitzroy,2,6,20
Operation Red Sea,Fitzroy,2,7,20
Operation Red Sea,Melbourne CBD,2,1,20
Operation Red Sea,Melbourne CBD,2,2,20
Operation Red Sea,Melbourne CBD,2,3,20
Operation Red Sea,Melbourne CBD,2,4,20
Operation Red Sea,Melbourne CBD,2,5,20
Operation Red Sea,Melbourne CBD,3,6,20
Operation Red Sea,Melbourne CBD,3,7,20
Operation Red Sea,Sunshine,3,1,20
Operation Red Sea,Sunshine,3,2,20
Operation Red Sea,Sunshine,3,3,20
Operation Red Sea,Sunshine,3,4,20
Operation Red Sea,Sunshine,3,5,20
Operation Red Sea,Sunshine,4,6,20
Operation Red Sea,Sunshine,4,7,20
Operation Red Sea,Lillydale,4,1,20
Operation Red Sea,Lillydale,4,2,20
Operation Red Sea,Lillydale,4,3,20
Operation Red Sea,Lillydale,4,4,20
Operation Red Sea,Lillydale,4,5,20
Operation Red Sea,Lillydale,5,6,20
Operation Red Sea,Lillydale,5,7,20